{
  "opts": {
    "recurse": true,
    "template": "config/jsdoc/api/template"
  },
  "tags": {
    "allowUnknownTags": true
  },
  "source": {
    "includePattern": ".+\\.js$",
    "excludePattern": "(^|\\/|\\\\)_",
    "include": [
      "src/ol"
    ]
  },
  "plugins": [
    "config/jsdoc/api/plugins/markdown",
    "jsdoc-plugin-typescript",
    "config/jsdoc/api/plugins/inline-options",
    "config/jsdoc/api/plugins/inheritdoc",
    "config/jsdoc/api/plugins/events",
    "config/jsdoc/api/plugins/observable",
    "config/jsdoc/api/plugins/api"
  ],
  "typescript": {
    "moduleRoot": "src"
  },
  "templates": {
    "cleverLinks": true,
    "monospaceLinks": true,
    "default": {
      "outputSourceFiles": false
    },
    "applicationName": "OpenLayers"
  },
  "jsVersion": 180
}
